ID,glp_65,glp_73
acon_C_c,1252161.6666666667,606668.6666666666
dhap_c,429758.3333333333,150295.33333333334
g6p_A_c,137645015.33333334,42482323
glc_aD_c,58941125.333333336,28828951
lac_L_c,9818205.333333334,3201185
mal_L_c,101838035.66666667,22105146
oaa_c,14979190.666666666,8451919.666666666
pyr_c,180836,79117
r5p_c,10202348.333333334,3845231.6666666665
